source_file,paragraph_index,raw_text,status,notes
Anta et Mamadou (1).docx,1,Anta et Mamadou Anta bo Mamadou,raw_source,Use StorySegments for aligned rows where available; this table preserves original paragraph text.
Anta et Mamadou (1).docx,2,"Un jeune homme du nom de Mamadou, qui voulait apprendre à lire et à écrire, partit un jour à la recherche d'une école. Il quitta sa province pour se rendre dans la région du Kayor, au Sénégal.",raw_source,Use StorySegments for aligned rows where available; this table preserves original paragraph text.
Anta et Mamadou (1).docx,3,Med: Ta’ nguan nshum lén se Mamadou z’a na’ nke kô nezi’de nesiañ mba neki ju là nèn diag ta’ dù’ ñwa’ni. A fañ ze tañla’ nèn tùsô Kayor mà Sénégal.,raw_source,Use StorySegments for aligned rows where available; this table preserves original paragraph text.
Anta et Mamadou (1).docx,4,"Là vivait un savant qui enseignait aux enfants. Mamadou resta auprès de son maître aussi longtemps que nécessaire. Quand il sut lire et écrire parfaitement, il décida de rentrer chez lui.",raw_source,Use StorySegments for aligned rows where available; this table preserves original paragraph text.
Anta et Mamadou (1).docx,5,"Med: Ta’ ngazenu z’a na’ nke ntswide bwônke’ là na’ nke ntswe mà bwe. Mamadou tswe mbañ ze ngatswide ju njoñ ngelañ z’a na’ mbètte là. Ngelan a zi’de neki mba nesiañ ju kua’ mebwô là, a lo’ mfi’ nebèn la’ i.",raw_source,Use StorySegments for aligned rows where available; this table preserves original paragraph text.
Anta et Mamadou (1).docx,6,"Le jour de son départ, un camarade de classe, qui appartenait à l'espèce des génies, lui dit : Nous sommes amis. Puisque tu t'en retournes chez toi, je vais te charger d'un message pour mes parents et je te transporterai dans ton village à la vitesse de l'éclair.",raw_source,Use StorySegments for aligned rows where available; this table preserves original paragraph text.
Anta et Mamadou (1).docx,7,"Med: Lé’ z’a na’ nke mbèn nà, ta’ nshun ñwa’ni z’a na’ mb’a ta’ ziag là, tshob yi ndù : Bag wù b’a nshune. Mb’o tshwèt mbèn la’ o là, m’a’ tshag ta’ nkùn tà tshàm, ndañndañ mba beba’mbañ num nso nde là, m’a’ mbèn kel o nte la’ o.",raw_source,Use StorySegments for aligned rows where available; this table preserves original paragraph text.
Anta et Mamadou (1).docx,8,"Tu ne sais pas qui je suis, mais moi je te connais bien, car nous sommes nés au même endroit.",raw_source,Use StorySegments for aligned rows where available; this table preserves original paragraph text.
Anta et Mamadou (1).docx,9,"Med: O ke’ lèn mèn ze me be yi là, nda’ndù me lèn o kua’ mebwô nummbe bo bwe yag à dù’ ntshù’.",raw_source,Use StorySegments for aligned rows where available; this table preserves original paragraph text.
Anta et Mamadou (1).docx,10,"Nous autres, les génies, nous vous reconnaissons très bien mais vous, les humains, vous ne pouvez pas nous apercevoir. Quand tu seras chez toi, mets à ton doigt cette bague d'argent, et tu pourras voir les génies et leurs villages.",raw_source,Use StorySegments for aligned rows where available; this table preserves original paragraph text.
Anta et Mamadou (1).docx,11,"Med:Bag, ba ziag, bag num njen zin ndèn zin kua’ mebwô, nda’ndù bin, benntùn nyiañtu, be bin ke yen yag ndène. Ngelañ z’o kum la’ o là, so yen kwa li bu o ndùlà, oa’ yen ba ziag boa tañla’ tshob.",raw_source,Use StorySegments for aligned rows where available; this table preserves original paragraph text.
Anta et Mamadou (1).docx,12,"Si tu l'ôtes ou si tu la perds, tout disparaîtra de nouveau. Le génie demanda ensuite à Mamadou de s'asseoir sur son tapis et de fermer les yeux. À peine Mamadou avait-il obéi qu'il se retrouva, comme par magie, dans son village.",raw_source,Use StorySegments for aligned rows where available; this table preserves original paragraph text.
Anta et Mamadou (1).docx,13,"Med: O sô kwa là ke a bi lo, mba njoñ tshu fa a’ mbèn mbi. Ziag mbèn tshob Mamadou mb’a tswe nsi num mata, mem miag mi. Mamadou be tshù ndù a ya kum ntùm ntañla’ se.",raw_source,Use StorySegments for aligned rows where available; this table preserves original paragraph text.
Anta et Mamadou (1).docx,14,"Le lendemain matin, Mamadou passa la bague à son doigt. Il aperçut alors tous les génies et leurs villages. Il alla rendre visite à la famille de son camarade.",raw_source,Use StorySegments for aligned rows where available; this table preserves original paragraph text.
Anta et Mamadou (1).docx,15,"Med: Njù be làn, Mamadou so kwa bu i. A yen njoñ ba ziag fa boa ntañla’ tshob. A nèn ndôde tunndà nshun i.",raw_source,Use StorySegments for aligned rows where available; this table preserves original paragraph text.
Anta et Mamadou (1).docx,16,"Le génie, votre parent, vous envoie le bonjour, leur dit-il. Et où est-il, notre cher enfant ? lui demanda-t-on.",raw_source,Use StorySegments for aligned rows where available; this table preserves original paragraph text.
Anta et Mamadou (1).docx,17,"Med : A tshob bo ndù : ziag, zin mèn, tsha’de zine. Bo bètt’é ndù: mèn yag ze tanjoñ b’a yà?",raw_source,Use StorySegments for aligned rows where available; this table preserves original paragraph text.
Anta et Mamadou (1).docx,18,"Je l'ai laissé dans un village du Kayor. Il continue de fréquenter l'école. Ah, s'écrièrent les parents, notre brave petit se conduit bien!",raw_source,Use StorySegments for aligned rows where available; this table preserves original paragraph text.
Anta et Mamadou (1).docx,19,Med: Me fañ i ntùm ta’ tañla’ lén se Kayor. A tshwèt nèn mbwe bo ñwa’ni mà bwe. Bo tô ntshob ndù: zebe mèn b’a ta’ mbwô mèn.,raw_source,Use StorySegments for aligned rows where available; this table preserves original paragraph text.
Anta et Mamadou (1).docx,20,"Et toi, Mamadou, il faut que tu t'en retournes chez toi, mais, chaque fois que tu auras du temps libre, ne manque pas de venir nous voir.",raw_source,Use StorySegments for aligned rows where available; this table preserves original paragraph text.
Anta et Mamadou (1).docx,21,"Med: Wù, Mamadou, a bwô ndù o bèn la’ o, nda’ndù, njoñ ngelañ fa z’o tswe ke ghù ju là, se’ ndôde yag.",raw_source,Use StorySegments for aligned rows where available; this table preserves original paragraph text.
Anta et Mamadou (1).docx,22,"Mamadou s'en retourna chez ses parents, mais, chaque fois qu'il en avait l'occasion, il rendait de longues visites aux génies. C'est qu'il avait vu la sœur de son camarade, Anta, une jolie demoiselle, et qu'il désirait l'épouser.",raw_source,Use StorySegments for aligned rows where available; this table preserves original paragraph text.
Anta et Mamadou (1).docx,23,"Med:Mamadou bèn la’ tà tse, là, njoñ ngelañ fa z’a na’ nku’ni là, a nke nèn lôde ba ziag, ntswe bwe ngelañ yàme. A b’a mbe a na’ yen mvèt nshun i ze mènnzwi, lén se Anta, ta’ ngon ndù a bwô, a nke nkô nenandà bo yi.",raw_source,Use StorySegments for aligned rows where available; this table preserves original paragraph text.
Anta et Mamadou (1).docx,24,"Lorsqu'il lui fit sa déclaration, Anta répondit : « Je ne demande pas mieux ! Pourtant, j'hésite à me marier avec un être humain… Vous êtes si coléreux! Et si bavards ! Et vous mentez si facilement ! Chez nous, il n'en va pas de même : jamais un génie ne s'emporte, jamais il ne trahit un secret ; il ne parle que pour dire la vérité. »",raw_source,Use StorySegments for aligned rows where available; this table preserves original paragraph text.
Anta et Mamadou (1).docx,25,"Med: Ngelañ z’a bètte Anta nandà là, Anta bùnde ntshob ndù : « A’ bwô àm ! nda’ndù, me tshwèt mbèn nsiañde nu num nenandà bo ta’ mènntùn nyiañtu… bin num nja ntù nde ! ntshobte neshu ! mbèn nke ntatte yàme ! A ke’ be tôg à ndùlà la’ bag : ta’ ziag ke’ be ya ntù, a ke’ be soñ ju ze bo tshob ntùm tsham nà; a nke ntshob à nda’ nenùne. »",raw_source,Use StorySegments for aligned rows where available; this table preserves original paragraph text.
Anta et Mamadou (1).docx,26,Mamadou protesta :,raw_source,Use StorySegments for aligned rows where available; this table preserves original paragraph text.
Anta et Mamadou (1).docx,27,"Quand nous serons mariés, tu verras que, moi non plus, je ne m'emporte pas et que jamais je ne mens !",raw_source,Use StorySegments for aligned rows where available; this table preserves original paragraph text.
Anta et Mamadou (1).docx,28,"— S'il en est ainsi, le mariage est conclu ! Je t'accepte pour mari. Mais je te défends de révéler à quiconque que tu as épousé une femme de l'espèce des génies !",raw_source,Use StorySegments for aligned rows where available; this table preserves original paragraph text.
Anta et Mamadou (1).docx,29,Med: Mamadou bùnde ntshob ndù :,raw_source,Use StorySegments for aligned rows where available; this table preserves original paragraph text.
Anta et Mamadou (1).docx,30,"Ngelañ ze bag wù na ndà là, oa’ yen mbe, mba me, me ke’ be ya ntù, me ke’ be tatte.",raw_source,Use StorySegments for aligned rows where available; this table preserves original paragraph text.
Anta et Mamadou (1).docx,31,"— A be ndùlala, mba be bag wù na ndà! Me bam nebe nzwi o. nda’ndù, kà nzi soñ mènntùn, a be mba wù lo ndù o na ndà bo ta’ mènnzwi ziag.",raw_source,Use StorySegments for aligned rows where available; this table preserves original paragraph text.
Anta et Mamadou (1).docx,32,— C'est entendu ! promit Mamadou.,raw_source,Use StorySegments for aligned rows where available; this table preserves original paragraph text.
Anta et Mamadou (1).docx,33,Med: Me ju’ ! Mamadou bù zwi i.,raw_source,Use StorySegments for aligned rows where available; this table preserves original paragraph text.
Anta et Mamadou (1).docx,34,"— Eh bien, déclara Anta, nous pouvons célébrer notre mariage.",raw_source,Use StorySegments for aligned rows where available; this table preserves original paragraph text.
Anta et Mamadou (1).docx,35,Med: Anta tshob ndù : be bag wù na ndà,raw_source,Use StorySegments for aligned rows where available; this table preserves original paragraph text.
Anta et Mamadou (1).docx,36,"Depuis, Anta et Mamadou vivaient heureux.",raw_source,Use StorySegments for aligned rows where available; this table preserves original paragraph text.
Anta et Mamadou (1).docx,37,"Med: Fe yen ngelañ nà, Anta bo Mamadou tswe ntùm ntsiañde",raw_source,Use StorySegments for aligned rows where available; this table preserves original paragraph text.
Anta et Mamadou (1).docx,38,"Mais un jour qu'Anta avait quitté à l'aube le village pour se rendre dans sa famille, Mamadou se réveilla pour constater que, pendant la nuit, son grenier de mil avait pris feu, son pur-sang était mort, et son puissant taureau était tombé au fond du puits.",raw_source,Use StorySegments for aligned rows where available; this table preserves original paragraph text.
Anta et Mamadou (1).docx,39,"Med: Là, ta’ bam nkebnjù ndù njù ke’ yoñ ndàn, Anta lo nèn lôde ze tunndà. Mamadou bam num miaglo njen mbe, a be tèttswe’, kàndà ngefet se lo’ mbwôge, ze nyàmdiañ kwù, mba ze nyàmna’ gwù ntùm tôntse.",raw_source,Use StorySegments for aligned rows where available; this table preserves original paragraph text.
Anta et Mamadou (1).docx,40,"Mamadou, et toute sa famille avec lui, était désespéré. Anta revint en fin de journée. En s'approchant de la case de son mari, elle entendit la mère de celui-ci se lamenter :",raw_source,Use StorySegments for aligned rows where available; this table preserves original paragraph text.
Anta et Mamadou (1).docx,41,"Med: Mamadou bo njoñ ze tunndà fa, ju’ kebwô. A be mvetnjù, Anta bèn. A be ghebte mbañ ba’ ndu i, nju’ màab nke nkua’a:",raw_source,Use StorySegments for aligned rows where available; this table preserves original paragraph text.
Anta et Mamadou (1).docx,42,"""En un seul jour, voilà ton grenier de mil dévoré par les flammes ! Ton cheval de race meurt ! Puis c'est ton grand taureau – un taureau de cinq ans ! – qui périt aussi!",raw_source,Use StorySegments for aligned rows where available; this table preserves original paragraph text.
Anta et Mamadou (1).docx,43,"Med: ""Num nda’ ta’ lé’, kàndà ngefet so lo’ mbwôge! Mbwô nyàmdiañ so kwù ! mba nyàmna’ so – Ta’ nyàmna’ z’a ghù ngu’njù tàn nà ! – kwù !",raw_source,Use StorySegments for aligned rows where available; this table preserves original paragraph text.
Anta et Mamadou (1).docx,44,Cette maison va être ruinée dans peu de temps ! Cela devait arriver ! C'est la conséquence de ton mariage avec une femme de l'espèce des génies !”,raw_source,Use StorySegments for aligned rows where available; this table preserves original paragraph text.
Anta et Mamadou (1).docx,45,Med: A tù’ à metsit ngelañ la’ li gwù nsi ! A lo mbe ndù à tum à ndùlala ! A ywit ju mb’o na ndà bo ta’ mènnzwi ziag là.,raw_source,Use StorySegments for aligned rows where available; this table preserves original paragraph text.
Anta et Mamadou (1).docx,46,"À ces paroles, Anta décida de retourner dans sa famille. Mais avant de disparaître, elle suivit Mamadou jusqu'aux champs et, lorsqu'il s'endormit pour la sieste, elle lui ôta sa bague d'argent.",raw_source,Use StorySegments for aligned rows where available; this table preserves original paragraph text.
Anta et Mamadou (1).docx,47,"Med: Mba bo tshob ndùlala, Anta lo’ mfi’ nebèn la’ bo. Kà mbène, a bét Mamadou tà mà tswhèt, ngelañ a nô nsi nzi là, Anta sô kwa se.",raw_source,Use StorySegments for aligned rows where available; this table preserves original paragraph text.
Anta et Mamadou (1).docx,48,"À son réveil, Mamadou ne pouvait plus apercevoir les génies ni leurs villages. Il essaya de suivre le chemin qui menait chez Anta, en vain. Le village avait disparu.",raw_source,Use StorySegments for aligned rows where available; this table preserves original paragraph text.
Anta et Mamadou (1).docx,49,"Med: Ngelañ a bam num miaglo là, Mamadou ke bèn nku’ni neyen ba nziag mba ntañla’ sube. A lo’ mànze z’a tshwèt nèn la’ ba Anta là, nda’ndù a ke yen sàm ju. Tañla’ bi nsi.",raw_source,Use StorySegments for aligned rows where available; this table preserves original paragraph text.
Anta et Mamadou (1).docx,50,"Un beau jour, Anta revint dans le village de Mamadou. Elle trouva celui-ci endormi, et le réveilla. Il s'écria :",raw_source,Use StorySegments for aligned rows where available; this table preserves original paragraph text.
Anta et Mamadou (1).docx,51,"Med: A be ta’ lé’, Anta mbèn nse’ tañla’ Mamadou. A tèl i, a nke nzi, a mbam i num miaglo. Mamadou tô ntshob ndù:",raw_source,Use StorySegments for aligned rows where available; this table preserves original paragraph text.
Anta et Mamadou (1).docx,52,« Anta ? ! D'où viens-tu ?,raw_source,Use StorySegments for aligned rows where available; this table preserves original paragraph text.
Anta et Mamadou (1).docx,53,Med: « Anta ! o tum à yà?,raw_source,Use StorySegments for aligned rows where available; this table preserves original paragraph text.
Anta et Mamadou (1).docx,54,— Je viens de mon village.,raw_source,Use StorySegments for aligned rows where available; this table preserves original paragraph text.
Anta et Mamadou (1).docx,55,Med: Me tum à la’ bag.,raw_source,Use StorySegments for aligned rows where available; this table preserves original paragraph text.
Anta et Mamadou (1).docx,56,— Ce n'est pas vrai ! Vous l'avez tous quitté!,raw_source,Use StorySegments for aligned rows where available; this table preserves original paragraph text.
Anta et Mamadou (1).docx,57,Med: A b’a tatte ! bin nèn njoñ zin fa!,raw_source,Use StorySegments for aligned rows where available; this table preserves original paragraph text.
Anta et Mamadou (1).docx,58,— Non. Nous l'habitons toujours.,raw_source,Use StorySegments for aligned rows where available; this table preserves original paragraph text.
Anta et Mamadou (1).docx,59,Med: Nga. Bag ke’ à mà bwe.,raw_source,Use StorySegments for aligned rows where available; this table preserves original paragraph text.
Anta et Mamadou (1).docx,60,— Alors pourquoi ne vivons-nous plus comme autrefois?,raw_source,Use StorySegments for aligned rows where available; this table preserves original paragraph text.
Anta et Mamadou (1).docx,61,"Med: A be ndùlà, ke z’a ghù bag wù ke bèn netswe mba mbwe à?",raw_source,Use StorySegments for aligned rows where available; this table preserves original paragraph text.
Anta et Mamadou (1).docx,62,— C'est qu'à présent notre mariage est rompu de par ma volonté!,raw_source,Use StorySegments for aligned rows where available; this table preserves original paragraph text.
Anta et Mamadou (1).docx,63,Med: A b’a nummbe me bagde yag nandà,raw_source,Use StorySegments for aligned rows where available; this table preserves original paragraph text.
Anta et Mamadou (1).docx,64,— Pourquoi l'as-tu rompu ?,raw_source,Use StorySegments for aligned rows where available; this table preserves original paragraph text.
Anta et Mamadou (1).docx,65,Med: Ke z’a ghù o bagde yag nandà à ?,raw_source,Use StorySegments for aligned rows where available; this table preserves original paragraph text.
Anta et Mamadou (1).docx,66,"— Parce que tu n'as pas tenu ta promesse ! Quand tu m'as demandé de devenir ta femme, ne t'ai-je pas déclaré qu'il me serait difficile de le rester parce que, vous autres humains, vous vous emportez, vous mentez et vous bavardez à tort et à travers ?",raw_source,Use StorySegments for aligned rows where available; this table preserves original paragraph text.
Anta et Mamadou (1).docx,67,"Med: Nummbe o bagde nka’ni z’o na’ mbù là ! Ngelañ z’o na’ mbètt’àm nandà là, me tshob wù mbe a’ ta me netswe nzwi o nummbe, bin benntùn nyiañtu, bin num nja ntù neshu, bin num tatte mbèn nke ntshobte mba ndùke lo. Ke ju ze me na’ tshob wù là ké ?",raw_source,Use StorySegments for aligned rows where available; this table preserves original paragraph text.
Anta et Mamadou (1).docx,68,— Et quand donc me suis-je emporté ? En quoi ai-je menti ? Pourquoi dis-tu que j'ai été bavard ?,raw_source,Use StorySegments for aligned rows where available; this table preserves original paragraph text.
Anta et Mamadou (1).docx,69,Med: Me ya ntù à se ? Me tatt’à ndùke ? Numke o tshob mbe me tshobte neshu à ?,raw_source,Use StorySegments for aligned rows where available; this table preserves original paragraph text.
Anta et Mamadou (1).docx,70,— Tu as eu la langue trop pendue.,raw_source,Use StorySegments for aligned rows where available; this table preserves original paragraph text.
Anta et Mamadou (1).docx,71,Med: O tshobte neshu,raw_source,Use StorySegments for aligned rows where available; this table preserves original paragraph text.
Anta et Mamadou (1).docx,72,— Mais à quel propos ? Dis-le-moi enfin!,raw_source,Use StorySegments for aligned rows where available; this table preserves original paragraph text.
Anta et Mamadou (1).docx,73,Med: Ke ze me tshob à ? tshob me ju’u !,raw_source,Use StorySegments for aligned rows where available; this table preserves original paragraph text.
Anta et Mamadou (1).docx,74,"— Souviens-toi du jour où ton grenier de mil fut consumé, où ton cheval est mort et ton grand taureau est tombé dans le puits.",raw_source,Use StorySegments for aligned rows where available; this table preserves original paragraph text.
Anta et Mamadou (1).docx,75,"Med: Kwimde lé’ ze kàndà ngefet so na’ ndo’ mbwôg là, nyàmdiañ so kwù, mba nyàmna’ so gwù ntùm tôntse là.",raw_source,Use StorySegments for aligned rows where available; this table preserves original paragraph text.
Anta et Mamadou (1).docx,76,"Tout cela, je ne l'ignorais pas ! Mais je suis partie pour ne plus revenir, car j'ai entendu ta mère se plaindre de moi, ce qui est la preuve que tu lui as révélé notre secret et que tu as trahi ta promesse.",raw_source,Use StorySegments for aligned rows where available; this table preserves original paragraph text.
Anta et Mamadou (1).docx,77,"Med: Me na’ lèn njoñ i fa. Là, me nèn ke bèn kô nebène, nummbe me na’ ju’ màan nke kua’ nke ntshobte num àm. Yenni nke nda’de mbe, o soñ i ju ze bag wù na’ ntshobte ntùm tsham nà, o bagde nka’ni o na’ mbù là.",raw_source,Use StorySegments for aligned rows where available; this table preserves original paragraph text.
Anta et Mamadou (1).docx,78,"Je vais te raconter ce qui s'est réellement passé : j'étais restée près de toi jusqu'à l'aube. Azraël, l'ange de la mort aux bras parsemés d'yeux et portant un arbre sur la tête, est venu.",raw_source,Use StorySegments for aligned rows where available; this table preserves original paragraph text.
Anta et Mamadou (1).docx,79,"Med: M’a’ tshob wù kua’ ju z’a na’ ntôg là : me na’ tswe bañ o kà njù làn. Azraël, angél vù z’a ghù miag njoñ ndù’ fa num mbu mi là, z’a num nket ta’tù num tu i là, na’ se’e.",raw_source,Use StorySegments for aligned rows where available; this table preserves original paragraph text.
Anta et Mamadou (1).docx,80,"Il voulait s'emparer de toi. Je l'ai repoussé et rejeté sur ton grenier de mil, qui a brûlé. Il a essayé alors d'emporter ta mère. Je l'ai jeté sur le cheval, qui s'est effondré sous son poids.",raw_source,Use StorySegments for aligned rows where available; this table preserves original paragraph text.
Anta et Mamadou (1).docx,81,"Med: A na’ nke nkô nelo’ o. Me ta’ i, ntèn i num kàndà ngefet so, a lo’ mwbôg. A kô nelo màan. Me tèn i a gwù num nyàmdiañ so, nyàmdiañ ke ku’ni neket let angél vù, a kwù.",raw_source,Use StorySegments for aligned rows where available; this table preserves original paragraph text.
Anta et Mamadou (1).docx,82,"Il s'est néanmoins entêté à rester, prêt à se venger sur ta sœur. Et moi, une troisième fois, je l'ai combattu et repoussé. Il est tombé sur le taureau, qui mourut en basculant dans le puits.",raw_source,Use StorySegments for aligned rows where available; this table preserves original paragraph text.
Anta et Mamadou (1).docx,83,"Med: A tatu ke kô nenène, ndiag neyagde mba’, nzwi mvèl o ze mènnzwi. Num yoñ i mbatte tat, me zwe bo yi ntèn i, a gwù num nyàmna’, nyàmna’ gwù ntùm tôntse nkwù.",raw_source,Use StorySegments for aligned rows where available; this table preserves original paragraph text.
Anta et Mamadou (1).docx,84,"Si je t'avais laissé mourir, ainsi que ta mère et ta sœur, que serait devenue ta maison ? Elle aurait été perdue!",raw_source,Use StorySegments for aligned rows where available; this table preserves original paragraph text.
Anta et Mamadou (1).docx,85,"Med: A be ze me na’ fañ i a zwi o là, nzwi màan mba mvèl o ze mènnzwi là, mba so ba’ b’a ke sènni à? Mb’a bi !",raw_source,Use StorySegments for aligned rows where available; this table preserves original paragraph text.
Anta et Mamadou (1).docx,86,"Et si vous êtes tous encore en vie, ce fut grâce à l'incendie du grenier de mil, à la mort du cheval et à celle du taureau!",raw_source,Use StorySegments for aligned rows where available; this table preserves original paragraph text.
Anta et Mamadou (1).docx,87,"Med: A be ze bin ke’ tù là, mb’a b’a nummbe kàndà ngefet lo’ mbwôge, nyàmdiañ kwù, mba nyàmna’ kwù !",raw_source,Use StorySegments for aligned rows where available; this table preserves original paragraph text.
Anta et Mamadou (1).docx,88,"Ne vaut-il pas mieux que les choses se soient passées ainsi ? Tu m'as trahie, mais avant de te quitter pour toujours, je devais te révéler la vérité. »",raw_source,Use StorySegments for aligned rows where available; this table preserves original paragraph text.
Anta et Mamadou (1).docx,89,"Med: Mb’a tôg à ndùlala a ke’ bwô ké? O bagde yu nka’ni, nda’ndù a lo mbwô ndù me tshob nenùn wù kà nèn yoñ yoñ ntshù’. »",raw_source,Use StorySegments for aligned rows where available; this table preserves original paragraph text.
Anta et Mamadou (1).docx,90,Et Anta s'en alla. Jamais Mamadou ne la revit.,raw_source,Use StorySegments for aligned rows where available; this table preserves original paragraph text.
Anta et Mamadou (1).docx,91,Med: Anta nèn. Mamadou ke bèn to’ yen i.,raw_source,Use StorySegments for aligned rows where available; this table preserves original paragraph text.
Francais_2 traduit (1).docx,1,Qui peut m'aider à mettre cette charge sur ma tête ? wù ze b’a ywimd’àm nete lèt lé num tu àm à?,raw_source,Use StorySegments for aligned rows where available; this table preserves original paragraph text.
Francais_2 traduit (1).docx,2,"Il était une fois une femme enceinte qui était allée chercher du bois sec. A na’ mbe ta’ lé’, ta’ mènnzwi jùm nèn diag ntshwèn z’a jum nà.",raw_source,Use StorySegments for aligned rows where available; this table preserves original paragraph text.
Francais_2 traduit (1).docx,3,"Lorsqu'elle eut rassemblé la quantité voulue, elle n'eut personne pour l'aider à poser la charge sur sa tête. Ngelañ z’a miagde netswétte njoñ z’a ku’ num i là, sàm mèn ke be z’a ywimd’é nete num tu i là.",raw_source,Use StorySegments for aligned rows where available; this table preserves original paragraph text.
Francais_2 traduit (1).docx,4,Alors elle appela Ndùlà a tshob ndù :,raw_source,Use StorySegments for aligned rows where available; this table preserves original paragraph text.
Francais_2 traduit (1).docx,5,"- Quelle créature de la forêt, pourrait m'aider à mettre cette charge sur ma tête ? Zit nyàm tô fèn li ze b’a ywimd’àm nete let li num tu àm à?",raw_source,Use StorySegments for aligned rows where available; this table preserves original paragraph text.
Francais_2 traduit (1).docx,6,Le margouillat se présenta. La femme lui dit : Nko’ bolibagbag se’. Mènnzwi tshob yi ndù :,raw_source,Use StorySegments for aligned rows where available; this table preserves original paragraph text.
Francais_2 traduit (1).docx,7,"- Ôte-toi de là, tu ne peux pas ! Lo mve làà, b’o ke kele!",raw_source,Use StorySegments for aligned rows where available; this table preserves original paragraph text.
Francais_2 traduit (1).docx,8,- Quelle créature de la forêt pourrait m'aider à mettre cette charge sur ma tête ? répéta-t-elle. A bèn mbètte ndù : Zit nyàm tô fèn li ze b’a ywimd’àm nete let li num tu àm à?,raw_source,Use StorySegments for aligned rows where available; this table preserves original paragraph text.
Francais_2 traduit (1).docx,9,Le lézard vint. Elle lui dit : Meto’ bolibagbag se’. A tshob yi ndù :,raw_source,Use StorySegments for aligned rows where available; this table preserves original paragraph text.
Francais_2 traduit (1).docx,10,"- Ôte-toi de là, tu ne peux pas! Lo mve làà, b’o ke kele.",raw_source,Use StorySegments for aligned rows where available; this table preserves original paragraph text.
Francais_2 traduit (1).docx,11,- Quelle créature de la forêt pourrait m'aider à mettre cette charge sur ma tête ? dit-elle encore. . A bèn ntshob ndù : Zit nyàm tô fèn li ze b’a ywimd’àm nete let li num tu àm à?,raw_source,Use StorySegments for aligned rows where available; this table preserves original paragraph text.
Francais_2 traduit (1).docx,12,"Le lion vint. Elle lui dit : Ngwayit se’, a tshob yi ndù :",raw_source,Use StorySegments for aligned rows where available; this table preserves original paragraph text.
Francais_2 traduit (1).docx,13,"- Toi, tu en es capable. Wù, b’o ket.",raw_source,Use StorySegments for aligned rows where available; this table preserves original paragraph text.
Francais_2 traduit (1).docx,14,"- Si je t'aide, que me donneras-tu en retour ? demanda le lion. Ngwayit bètt’é ndù : me ywimd’o mb’oa’ fà à ke me à?",raw_source,Use StorySegments for aligned rows where available; this table preserves original paragraph text.
Francais_2 traduit (1).docx,15,"- Ce que je porte dans mon ventre, répondit-elle. A bùnde ndù : ju z’a be bam sam nà.",raw_source,Use StorySegments for aligned rows where available; this table preserves original paragraph text.
Francais_2 traduit (1).docx,16,"Njogoy le lion l'aida ; la femme s'en retourna au village où elle accoucha d'un garçon du nom de Samba. Ngwayit lén se Njogoy ywimd’é; mènnzwi bèn la’, mbwe mèn mandum, mfà lén se Samba",raw_source,Use StorySegments for aligned rows where available; this table preserves original paragraph text.
Francais_2 traduit (1).docx,17,"Le lion attendit avec impatience quelques années, puis un jour, il se dirigea vers le village",raw_source,Use StorySegments for aligned rows where available; this table preserves original paragraph text.
Francais_2 traduit (1).docx,18,"et demanda à Samba : Ngwayit fènnde men ngu’, à be ta’ lé’, à nèn la’ mbètte Samba ndù :",raw_source,Use StorySegments for aligned rows where available; this table preserves original paragraph text.
Francais_2 traduit (1).docx,19,"- Peut-on te manger ou faut-il encore attendre ? Be bo fèl’o ndô ké, ke bo bèn mbéb’à?",raw_source,Use StorySegments for aligned rows where available; this table preserves original paragraph text.
Francais_2 traduit (1).docx,20,La femme dit Mènnzwi tshob mbe :,raw_source,Use StorySegments for aligned rows where available; this table preserves original paragraph text.
Francais_2 traduit (1).docx,21,"- Attends encore, le moment n'est pas venu. Le lion s'en retourna, attendit un certain temps, puis revint au village et dit : Na’ bèn mbébe, ngelañ ke’ yoñ nku’u. Ngwayit kañ wul i mbène. Men ngelañ be tôge, à bèn mbèn la’, mbètte ndù :",raw_source,Use StorySegments for aligned rows where available; this table preserves original paragraph text.
Francais_2 traduit (1).docx,22,"- Peut-on te manger ou faut-il encore attendre ? Be bo fèl’o ndô ké, ke bo bèn mbéb’à?",raw_source,Use StorySegments for aligned rows where available; this table preserves original paragraph text.
Francais_2 traduit (1).docx,23,"- Il reste encore un mois, répondit la mère. Mà Samba bùnde ndù : ta’ màñwù neke’e.",raw_source,Use StorySegments for aligned rows where available; this table preserves original paragraph text.
Francais_2 traduit (1).docx,24,Samba décida un matin : Samba lo nsi mo’ nkebnjù ndo’ mfi’ mbe :,raw_source,Use StorySegments for aligned rows where available; this table preserves original paragraph text.
Francais_2 traduit (1).docx,25,- C'est moi qui vais faire paître le troupeau. A me bèn béb bwoñ njùmbwe.,raw_source,Use StorySegments for aligned rows where available; this table preserves original paragraph text.
Francais_2 traduit (1).docx,26,Et il partit. Le lion vint en son absence. A ghù nène. Ngwayit se’ ke tèl i.,raw_source,Use StorySegments for aligned rows where available; this table preserves original paragraph text.
Francais_2 traduit (1).docx,27,"- Peut-on le manger ou faut-il encore attendre ? Be bo fèl’i ndô ké, ke bo bèn mbéb’à?",raw_source,Use StorySegments for aligned rows where available; this table preserves original paragraph text.
Francais_2 traduit (1).docx,28,"- Le voilà qui vient de partir au troupeau, répondit la mère. Mà Samba tshob ndù : a là z’a yoñ nenèn béb bwoñ njùmbwe là.",raw_source,Use StorySegments for aligned rows where available; this table preserves original paragraph text.
Francais_2 traduit (1).docx,29,"Le lion attendit, attendit, puis il alla trouver le garçon à l'enclos : Ngwayit béb, mbèn bébe. Ngelañ be tôge, à nèn tèt mèn màndum nka’ njùmbwe.",raw_source,Use StorySegments for aligned rows where available; this table preserves original paragraph text.
Francais_2 traduit (1).docx,30,- Est-ce bien Samba ? A b’a Samba ké?,raw_source,Use StorySegments for aligned rows where available; this table preserves original paragraph text.
Francais_2 traduit (1).docx,31,"- Oui, c'est moi. Ñ a me.",raw_source,Use StorySegments for aligned rows where available; this table preserves original paragraph text.
Francais_2 traduit (1).docx,32,"- Peut-on te manger ou faut-il encore attendre ? Be bo fèl’o ndô ké, ke bo bèn mbéb’à?",raw_source,Use StorySegments for aligned rows where available; this table preserves original paragraph text.
Francais_2 traduit (1).docx,33,"- On peut me manger, dit Samba ! Samba bùnde ndù : be bo fèl àm.",raw_source,Use StorySegments for aligned rows where available; this table preserves original paragraph text.
Francais_2 traduit (1).docx,34,"Ils se ruèrent l'un sur l'autre et se mirent à se battre, à se battre !... Samba tua le lion, lui coupa une griffe et retourna au village. Bo zwe zwe’. Samba zwi ngwayit, nkeb ta’ nkéb mi ndo’ mbèn yi la’.",raw_source,Use StorySegments for aligned rows where available; this table preserves original paragraph text.
Francais_2 traduit (1).docx,35,"A son arrivée, sa mère lui servit à souper. Il en mangea un peu, puis enfouit la griffe dans le restant du couscous. Il dit : Ngelañ à kum ndà là, màab fà jujù yi. A jù me ju i, ndo’ nkéb z’a keb num ngwayit là ntshag ntùm bàà ngefele.",raw_source,Use StorySegments for aligned rows where available; this table preserves original paragraph text.
Francais_2 traduit (1).docx,36,"- Mère, viens prendre le plat. Mama, se’ ndo’ bag ka.",raw_source,Use StorySegments for aligned rows where available; this table preserves original paragraph text.
Francais_2 traduit (1).docx,37,"La mère prit le plat et aussitôt se mit à manger. A peine avait- elle avalé une bouchée que la griffe lui resta dans la gorge. Elle s'évanouit. Alors que tout le monde s'affairait, Samba ne disait mot. Lorsqu'il la sentit près de mourir, Samba lui donna une grande tape dans le dos et la griffe tomba par terre. Il lui dit : mama lo’ bag ka nto’de nejù ju. A lo’ nda’ me ju i, nkéb ngwayit la’ ntô i. Bo be tshù a vù nsi. Benntùn to’de nekùmde bañ i, Samba ke tshob nu. Ngelañ z’a yen mbe màab yà nke nkwù là, samba lab njam mvèn i, nkéb ngwayit tum ntô i mvù nsi. A tshob yi ndù :",raw_source,Use StorySegments for aligned rows where available; this table preserves original paragraph text.
Francais_2 traduit (1).docx,38,- Voilà le lion à qui tu m'avais donné en gage ! Tshù ngwayit z’o na’ mbwe àm yi là.,raw_source,Use StorySegments for aligned rows where available; this table preserves original paragraph text.
Francais_2 traduit (1).docx,39,Et la mère fut couverte de honte. Tuswe ko màab.,raw_source,Use StorySegments for aligned rows where available; this table preserves original paragraph text.
Francais_2 traduit (1).docx,40,Le chasseur et le génie voleur de femmes Ta’ nta’yoñ bo ta’ nziag yi mènnzwi,raw_source,Use StorySegments for aligned rows where available; this table preserves original paragraph text.
Francais_2 traduit (1).docx,41,"Il y avait un génie qui volait la femme des nouveaux mariés. Quiconque se mariait, se voyait privé de sa nouvelle épouse, enlevée par le génie. Ta’ ziag na’ mbe nke nji bènnzwi bo yôg nenandà là. Mba zit mandum lo z’a na’ nke nandà là, ziag lo’ nzwi i.",raw_source,Use StorySegments for aligned rows where available; this table preserves original paragraph text.
Francais_2 traduit (1).docx,42,"Un brave et téméraire chasseur apprit la nouvelle et annonça qu'il irait chercher une femme dans ce pays, afin de savoir si les hommes y sont sans valeur. Nkùn vù ntoñ ta’ nta’yoñ z’a ghù neta mbèn ngù tànntù là. A tshob njoñ benntùn fa mbe a’ lo’ ze mènnzwi tô yen ngô là nelade mbe bandum yen ngô là b’a ba mbu’ tu.",raw_source,Use StorySegments for aligned rows where available; this table preserves original paragraph text.
Francais_2 traduit (1).docx,43,"Après avoir dit cela, il se prépara et partit. Quand il arriva dans la cité, on le reçut avec faste. Le roi lui demanda le motif de sa visite. Le chasseur lui dit qu'il venait prendre femme. A tshob ndùlala, nabte wul i nène. Ngelañ a kum ntùm sen ngô là, bo lo’ i mebwô. Mven bètt’é ju z’a se’ ghù là. Ngata’yoñ tshob yi mbe a se’ diag à ta’ mènnzwi ze bo yi nandà là.",raw_source,Use StorySegments for aligned rows where available; this table preserves original paragraph text.
Francais_2 traduit (1).docx,44,Le roi lui dit : Mven tshob yi ndù :,raw_source,Use StorySegments for aligned rows where available; this table preserves original paragraph text.
Francais_2 traduit (1).docx,45,"- Ici tu ne peux obtenir une femme, car à tous ceux à qui on a donné une épouse, le génie l'a enlevée et toutes ces épouses ont été ainsi perdues à jamais. B’o ke lo’ mènnzwi nzenni, nummbe njoñ benntùn fa bo lo’ mènnzwi nzenni là, ziag lo’ nèn yi yub kà bo ke bèn njen yube.",raw_source,Use StorySegments for aligned rows where available; this table preserves original paragraph text.
Francais_2 traduit (1).docx,46,Le jeune homme répondit au roi : Mandum bùnde mven ndù :,raw_source,Use StorySegments for aligned rows where available; this table preserves original paragraph text.
Francais_2 traduit (1).docx,47,"- Moi je suis un chasseur. Si tu me donnes ta fille en mariage et si le génie me la prend, je lutterai avec lui. Toi, observe-moi simplement ; ne te préoccupe pas de moi. Me b’a ta’ nta’yoñ. O fa ngon o me, ziag lo’ i, mba bag yi a’ zwe. Lôd’àm à nelode ; kà tshàm num àm.",raw_source,Use StorySegments for aligned rows where available; this table preserves original paragraph text.
Francais_2 traduit (1).docx,48,"- Ce que tu dis, est-ce que c'est sûr ? demanda le roi. Mven bètt’é ndù : Ju z’o tshwèt ntshob là, a b’a kua’ nenùn ké?",raw_source,Use StorySegments for aligned rows where available; this table preserves original paragraph text.
Francais_2 traduit (1).docx,49,"- C'est sûr, répondit l'homme. Mandum bùnde ndù : a b’a nenùne",raw_source,Use StorySegments for aligned rows where available; this table preserves original paragraph text.
Francais_2 traduit (1).docx,50,Le roi lui donna une femme. Le mariage fut célébré durant trois jours. Mven fa ta’ mènnzwi yi. Bo lo’ lé’ tat nyiañ nandà yi.,raw_source,Use StorySegments for aligned rows where available; this table preserves original paragraph text.
Francais_2 traduit (1).docx,51,"Lorsque les invités furent partis, le jeune homme rentra avec son épouse dans leur chambre. Ngelañ benntùn bo na’ ntsiañ num nandà là bèn la’ bo là, mandum nèn bo nzwi i nto’ndà yub.",raw_source,Use StorySegments for aligned rows where available; this table preserves original paragraph text.
Francais_2 traduit (1).docx,52,"Dès qu'ils se couchèrent, le mari tenta de la toucher dans l'obscurité, mais ne trouva rien. Il s'inquiéta. Il se leva et alla voir le père de la mariée. Il lui dit qu'en effet, il avait eu raison. Bo nô num nkwùnndà, mandum diag nekwag nzwi i ntùm njame, nda’ndù a ke ju’ sàm mèn. A to’de nenwyine. A lo nèn njen tà nzwi i. A tshob tà nzwi i mbe ju z’a na’ ntshob là b’a nenùne.",raw_source,Use StorySegments for aligned rows where available; this table preserves original paragraph text.
Francais_2 traduit (1).docx,53,Le génie était venu voler son épouse ! Ziag se’ nji nzwi i!,raw_source,Use StorySegments for aligned rows where available; this table preserves original paragraph text.
Francais_2 traduit (1).docx,54,"Le matin, il alla trouver un marabout et lui dit : Nkebnjù, a nèn njen ngaka, ntshob yi ndù :",raw_source,Use StorySegments for aligned rows where available; this table preserves original paragraph text.
Francais_2 traduit (1).docx,55,"- J'ai épousé une femme et le génie est venu la prendre. Me nandà bo ta’ mènnzwi nda’ndù, ziag se’ ndo’ i nèn yi.",raw_source,Use StorySegments for aligned rows where available; this table preserves original paragraph text.
Francais_2 traduit (1).docx,56,Le marabout regarda les signes et lui dit : Ngaka lôde ntshob yi ndù :,raw_source,Use StorySegments for aligned rows where available; this table preserves original paragraph text.
Francais_2 traduit (1).docx,57,"- Le génie, toutes les personnes qu'il a enlevées d'ici, il les a emportées au-delà du fleuve. Njoñ benntùn fa ze ziag num nji yub là, a num ndo’ yub nèn boa bo kà ntôg nkañntse.",raw_source,Use StorySegments for aligned rows where available; this table preserves original paragraph text.
Francais_2 traduit (1).docx,58,"Si tu peux dépasser le fleuve, tu pourras tuer les génies. O ku’ni nenèn kà ntôg kañntse, mba be o zwi ziag.",raw_source,Use StorySegments for aligned rows where available; this table preserves original paragraph text.
Francais_2 traduit (1).docx,59,"Les génies se trouvent dans une antilope-jument. Dans cette antilope, il y a un kewel. Dans cette petite antilope, il y a un corbeau. Dans ce corbeau, il y a un œuf. Cet œuf, si tu l'écrases, les femmes volées par le génie vont t'apparaître. Ba nziag nke nstwe à ntùm ta’ nyàmdiañe. Ta’ meto’ nyàmdiañ ntùm yen mà nyàmdiañ là. Ta’ mala ntùm yen meto’ nyàmdiañ là. Ntùm yen mala là, oa’ yen ta’ bumngab. O gho’ yen bumngab là, bènnzwi ziag yi là a’ tumde tô.",raw_source,Use StorySegments for aligned rows where available; this table preserves original paragraph text.
Francais_2 traduit (1).docx,60,Le marabout dit encore : Ngaka bèn ntshob ndù :,raw_source,Use StorySegments for aligned rows where available; this table preserves original paragraph text.
Francais_2 traduit (1).docx,61,"- L’antilope Koba quitte son logis vers onze heures pour aller boire à la roche qui se trouve dans le fleuve. Louti est son nom. Nyàmdiañ lén se Koba num ntum nda i num nguan nyam ntshob ntshù’ gham, nèn nu ntse z’a num ntum ntùm loñ z’a be ntùm nkañntse là. Lén se b’a Louti.",raw_source,Use StorySegments for aligned rows where available; this table preserves original paragraph text.
Francais_2 traduit (1).docx,62,"Le chasseur prit sa gibecière, y mit sa nourriture et partit, accompagné de son chien. Ngata’yoñ lo’ ze bà fa’, njab ju z’a jù là tô bwe, bo mbwe i nèn.",raw_source,Use StorySegments for aligned rows where available; this table preserves original paragraph text.
Francais_2 traduit (1).docx,63,"Aussitôt qu'ils furent sortis de la ville, un lion les vit, rugit et courut vers eux. L'homme",raw_source,Use StorySegments for aligned rows where available; this table preserves original paragraph text.
Francais_2 traduit (1).docx,64,"s'agenouilla pour tirer, mais le lion lu i demanda : Ngelañ bo tum tùsô là, ta’ ngwayit yen yub nta’ yube. Màndum te nkeki’ nku mi nsi, nabte wul i mb’a zwi ngwayit là, là ngwayit bètt’é ndù :",raw_source,Use StorySegments for aligned rows where available; this table preserves original paragraph text.
Francais_2 traduit (1).docx,65,- Que vas-tu faire ? O diag ghù à ke?,raw_source,Use StorySegments for aligned rows where available; this table preserves original paragraph text.
Francais_2 traduit (1).docx,66,"- On a volé ma femme, je suis à sa recherche; si tu veux m'attaquer, je te tue ! Bo yi nzwi àm, me tshwèt ndiag i; o kam àm, mba m’a’ zwi o.",raw_source,Use StorySegments for aligned rows where available; this table preserves original paragraph text.
Francais_2 traduit (1).docx,67,Le lion lui dit :Ngwayit tshob yi ndù :,raw_source,Use StorySegments for aligned rows where available; this table preserves original paragraph text.
Francais_2 traduit (1).docx,68,"- Partons donc, je m'en vais t'aider. Ce que peut faire un ou deux, trois le feront mieux. Bag bin nène m’a’ ywimd’o. Ju ze be ta’ mèn ke bàa lo ku’ni neghù a bwô là, mba be ben tat ghù a bèn mbwô ntshùade.",raw_source,Use StorySegments for aligned rows where available; this table preserves original paragraph text.
Francais_2 traduit (1).docx,69,"Ils marchèrent longtemps ; un aigle venant on ne sait d'où, plana au-dessus du chasseur. Bo zin ngelañ yàme; Ta’ ghamatat tum, nke nfet num tu ngata’yoñ.",raw_source,Use StorySegments for aligned rows where available; this table preserves original paragraph text.
Francais_2 traduit (1).docx,70,"L'homme voulut le tuer, l'aigle dit : mandum diag nezwi i, ghamatat tshob ndù :",raw_source,Use StorySegments for aligned rows where available; this table preserves original paragraph text.
Francais_2 traduit (1).docx,71,- Que vas-tu faire de moi ? Oa’ lo’ àm ngù ke yi à ?,raw_source,Use StorySegments for aligned rows where available; this table preserves original paragraph text.
Francais_2 traduit (1).docx,72,"- On a volé ma femme, je suis à sa recherche. Si tu m'attaques, je te tue tout de suite. Bo yi nzwi àm, me tshwèt ndiag i. O kam àm, mba m’a’ zwi o à kua’ ndonni.",raw_source,Use StorySegments for aligned rows where available; this table preserves original paragraph text.
Francais_2 traduit (1).docx,73,L'aigle lui dit : Ghamatat tshob yi ndù :,raw_source,Use StorySegments for aligned rows where available; this table preserves original paragraph text.
Francais_2 traduit (1).docx,74,"- Allons-y, je vais t'aider. Ce que deux ou trois peuvent faire, quatre le pourront mieux. Bag bin nène, m’a’ ywimd’o. Ju ze ben bàa ke tat lo ku’ni neghù a bwô là, mba be ben kuà ghù a bèn mbwô ntshùade.",raw_source,Use StorySegments for aligned rows where available; this table preserves original paragraph text.
Francais_2 traduit (1).docx,75,"L'homme, avec les trois animaux, chemina dans la brousse. Quand ils arrivèrent au bord du fleuve, le lion creusa un trou profond ; ils s'y tapirent, bien cachés. Mandum boa tshen nyàm nà tse tat nke nzinde ntùm mfèn. Ngelañ bo kum mbañ kañ ntse là, ngwayit tswe’ ta’ tô a nèn nsi; bo lem wut yub tô bwe.",raw_source,Use StorySegments for aligned rows where available; this table preserves original paragraph text.
Francais_2 traduit (1).docx,76,"Vers onze heures, l'antilope-Koba arriva pour boire au rocher du fleuve. Le lion bondit et tomba sur elle ; il l'éventra. La petite antilope sortit du ventre et se mit à courir. Le chien la poursuivit. Ils coururent sur deux longueurs de sas, le chien l'attrapa et l'éventra. Un corbeau en sortit et s'envola. L'aigle le rencontra en l'air et le percuta : le corbeau tomba, l'aigle l'éventra. Un œuf en sortit et roula sur le sol, le chasseur l'écrasa. Num nyam ntshob ntshù’ ghame, nyàmdiañ Koba se’ nu ntse z’a num ntum ntùm loñ z’a be ntùm nkañ ntse là. Ngwayit tum ngwù num i, mbag bam se. Meto’ nyàmdiañ tum bam i nto’de nekù nde. Mbwe gwù nyam i nta’ i. Bo kù nde kà nèn ngùànesà, mbwe ghom nyàmdiañ mbag bam se. Ta’ mala tum, mfele. Ghamatat kod’i ntsham i: mala gwù ntam nsi, ghamatat bag bam se. Ta’ bumngab tum mbwoñde nsi, ngata’yoñ nywi’t’é.",raw_source,Use StorySegments for aligned rows where available; this table preserves original paragraph text.
Francais_2 traduit (1).docx,77,"Aussitôt on entendit de l'autre rive du fleuve, les cris de nombreuses femmes. Kua’ sen ngelañ nà, bo ju’ bènnzwi yàm nke ntô num mo’ yoñ kañntse.",raw_source,Use StorySegments for aligned rows where available; this table preserves original paragraph text.
Francais_2 traduit (1).docx,78,"L'homme retourna à la ville pour appeler les habitants. Quand ils vinrent, chacun prit sa pirogue. Mandum bèn ntùm tùsô tsiañ benntùn bo se’e. ngelañ bo kum nà, mba wù lo lo’ se kenu.",raw_source,Use StorySegments for aligned rows where available; this table preserves original paragraph text.
Francais_2 traduit (1).docx,79,"Le chasseur, lui, monta sur le lion et ils traversèrent le fleuve. Là-bas, il reconnut sa femme, la reprit et rentra avec elle. Ngata’yoñ ko’ ze num ngwayit, nèn mo’ yoñ kañntse. A kum mà bwe, njen nzwi i, ndo’ i mbèn bo yi.",raw_source,Use StorySegments for aligned rows where available; this table preserves original paragraph text.
Francais_2 traduit (1).docx,80,C'est là que le conte alla tomber dans la mer ; celui qui le respire ira au paradis. A ndùlàlà ze tshô mi là. Mènntùn z’a tshwèt nziag là a nèn paradis.,raw_source,Use StorySegments for aligned rows where available; this table preserves original paragraph text.
Francais_3.docx,1,Le jeune homme et le lion Ta’ nguan nshum bo ngwayit,raw_source,Use StorySegments for aligned rows where available; this table preserves original paragraph text.
Francais_3.docx,2,"Il était une fois un jeune citadin qui n’avait jamais quitté sa ville. A na’ mbe ta’ lé’, ta’ nguan nshum z’a na’ ke to’ tum ze tùsô nèn dù’ ghuà là.",raw_source,Use StorySegments for aligned rows where available; this table preserves original paragraph text.
Francais_3.docx,3,"Il décida un jour de visiter le village de ses ancêtres, un petit village perdu dans la campagne, situé près d’une grande forêt. A lo’ mfi’ ta’ lé nenèn ntùm ntañla’ tà tse, ta’ meto’ tañla’ ngùanesà mbañ ta’ fèn ndùb.",raw_source,Use StorySegments for aligned rows where available; this table preserves original paragraph text.
Francais_3.docx,4,"Dans cette forêt, il y avait beaucoup d’animaux sauvages et surtout des lions. Nyàm tshwèt na’ yàm ntùm sen fèn nà, là ngwayit mbèn njàm ntshùade.",raw_source,Use StorySegments for aligned rows where available; this table preserves original paragraph text.
Francais_3.docx,5,"Le jeune homme n’avait jamais vu de lion ni à la télévision, ni en photos. Yen nguan nshum nà na’ ke to’ yen ngwayit ke ntùm ngùayen no, ke num netshañ no.",raw_source,Use StorySegments for aligned rows where available; this table preserves original paragraph text.
Francais_3.docx,6,"Il faut dire que ces produits de la modernité n’étaient pas connus dans ces temps-là chez nous. A bwô netshob mbe, num tshen ngelañ nà bag na’ ke to’ yen tshen tshu nswe là la’ bag.",raw_source,Use StorySegments for aligned rows where available; this table preserves original paragraph text.
Francais_3.docx,7,"Les gens de ce village n’allaient jamais dans la forêt, à cause des lions. Mba ngwayit na’ mbe ntùm mfèn nà, Benntùn yen tañla’ là na’ ke be nèn mà bwe.",raw_source,Use StorySegments for aligned rows where available; this table preserves original paragraph text.
Francais_3.docx,8,"On raconte même que, quand les lions rugissaient dans la forêt, les portes des maisons claquaient, les canaris et les marmites se renversaient et tous les gens se terraient dans leur maison. Bo tshwèt mbèn ntshob mbe, ngelañ ba ngwayit na’ nke nkua’ ntùm mfèn nà, ba nzendà nke nga’de mbèn nke ndôge, ba ntu’ boa ba mba nke ngwùde nsi, mba zit mèn no lem wul i ndà i.",raw_source,Use StorySegments for aligned rows where available; this table preserves original paragraph text.
Francais_3.docx,9,"Un beau matin, donc, le jeune citadin qui s’appelait Demba débarqua dans le village de ses ancêtres et fait vite connaissance avec tout le monde, et surtout avec Fatou, une belle jeune fille qui était une de ses cousines lointaines. Ta’ bam nkebnjù, yen nguan nshum nà z’a nke ntswe tùsô là lén se Demba se’ ntùm ntañla’ tà tse. A to’de nekut kushun bo njoñ benntùn fa, njôg mbe bo Fatou, ta’ mo’ mbwô ngon. A na’ mb’a mèn mo’ mvèt tàb ke mab lo.",raw_source,Use StorySegments for aligned rows where available; this table preserves original paragraph text.
Francais_3.docx,10,"Les fiançailles ne durèrent pas longtemps, car ils décidèrent de se marier. Après quelques jours de noces, Demba retourna en ville. Bo tede ke tswe, ndo’ mfi’ nenandà. Bo nyiañ nandà men lé’ a mi, Demba bèn tùsô.",raw_source,Use StorySegments for aligned rows where available; this table preserves original paragraph text.
Francais_3.docx,11,"Une année plus tard, il décida de retourner au village pour s’y installer définitivement avec Fatou et leur enfant. Tamngu’ tôg, a lo’ mfi’ nebèn mbèn ntùm ntañla’ tà tse tswe bwe yoñ ntshù’ bo Fatou ngù mèn yub.",raw_source,Use StorySegments for aligned rows where available; this table preserves original paragraph text.
Francais_3.docx,12,"Pour marquer sa venue et montrer sa bravoure, il proposa à sa femme une promenade dans la forêt. Cette dernière, surprise, lui dit : Num nela’de mbe a se’e mbèn nda’de ze tànntù, a tshob nzwi i mbe bo nèn katte ntùm mfèn. Nzwi i tshàm, ntshob yi ndù :",raw_source,Use StorySegments for aligned rows where available; this table preserves original paragraph text.
Francais_3.docx,13,"- Mais tu es fou, tu veux que les lions nous dévorent tous les deux ! O b’a mbàbun ké? O tshwèt ndiag mbe ba ngwayit fèt yag ben bàa ké?",raw_source,Use StorySegments for aligned rows where available; this table preserves original paragraph text.
Francais_3.docx,14,"- Tu vas voir que moi je suis un homme, je ne suis pas comme les poltrons de chez vous. Oa’ yen mbe me b’a ta’ mandum, me ke’ b’a mba ba mbwôgtùn tse bo be la’ bin nà.",raw_source,Use StorySegments for aligned rows where available; this table preserves original paragraph text.
Francais_3.docx,15,Suis-moi et amène avec toi notre fils ! dit Demba. Demba tshob ndù: lo’ mèn ntam njam àm!,raw_source,Use StorySegments for aligned rows where available; this table preserves original paragraph text.
Francais_3.docx,16,"La mort dans l’âme, Fatou obéit à son époux. Ke kô nkô, Fatou ju’ ntshu ndu i",raw_source,Use StorySegments for aligned rows where available; this table preserves original paragraph text.
Francais_3.docx,17,"Arrivé à l’orée de la forêt, soudain, un chacal sortit d’une touffe d’herbes et fla devant eux. Demba se mit à crier : Bo kum mba bo tu ntùm mfèn nà, bo be tshù ta’ mbù tshwèt tum ntùm nena ñwag mbwe bo. Demba tô ntshob ndù :",raw_source,Use StorySegments for aligned rows where available; this table preserves original paragraph text.
Francais_3.docx,18,"- Ah, ah tu vois, les lions, quand ils me voient, ils détalent. Ah ah o yen ké? Ngelañ ba ngwayit num njen àm nà bo kù ke lôde njam.",raw_source,Use StorySegments for aligned rows where available; this table preserves original paragraph text.
Francais_3.docx,19,"- Mais ce n’est pas un lion, dit Fatou. Fatou tshob ndù : a ke’ b’a ngwayit là.",raw_source,Use StorySegments for aligned rows where available; this table preserves original paragraph text.
Francais_3.docx,20,- C’est quoi ? demanda Demba. Demba bètt’é ndù : k’a b’a ke?,raw_source,Use StorySegments for aligned rows where available; this table preserves original paragraph text.
Francais_3.docx,21,"- C’est un chacal, répondit Fatou. Fatou tshob ndù : a b’a ta’ mbù tshwèt",raw_source,Use StorySegments for aligned rows where available; this table preserves original paragraph text.
Francais_3.docx,22,"- Qu’importe, dit Demba, tu vas voir ! Demba tshob ndù : a be mba ke lo, oa’ yene!",raw_source,Use StorySegments for aligned rows where available; this table preserves original paragraph text.
Francais_3.docx,23,"Quelques moments après, ce fut au tour d’une hyène de détaler devant eux. Demba sauta et dit: Men ngelañ be tôge, ta’ mbù kù ntôg mbwe bo. Demba bwôg, a tshob ndù :",raw_source,Use StorySegments for aligned rows where available; this table preserves original paragraph text.
Francais_3.docx,24,"- Ce n’est pas un chacal ! C’est un lion, il est plus grand ! A ke’ b’a mbù tshwèt! a b’a ta’ ngwayit, a gwu’ ntshùa zemo’!",raw_source,Use StorySegments for aligned rows where available; this table preserves original paragraph text.
Francais_3.docx,25,"- Doucement, dit Fatou, ce n’est qu’une hyène. Biag wul o, a b’a nda’ ta’ mbù.",raw_source,Use StorySegments for aligned rows where available; this table preserves original paragraph text.
Francais_3.docx,26,"Après avoir longuement marché sans voir de lion, Demba proposa à sa femme de se reposer à l’ombre d’un acacia. Bo zin ngelañ yàm ke yen ta’ ngwayit, là Demba tshob nzwi i mbe bo tswe tun tù acacia mfide.",raw_source,Use StorySegments for aligned rows where available; this table preserves original paragraph text.
Francais_3.docx,27,"Fatou aménagea de la place sur le sol pour son enfant qui commençait à dormir. Elle se coucha derrière l’enfant et Demba fatigué ft de même. Fatou nabte dù’ num tsha’ num nenô mèn i z’a na’ yà nke nzi là. A nô ze njam mèn, mba Demba nô ze ndù a yà bole.",raw_source,Use StorySegments for aligned rows where available; this table preserves original paragraph text.
Francais_3.docx,28,"La brise et la fraîcheur de l'ombre aidant, ils s’endormirent tous. Dù’ nefide bo netshañ tù bo nô tun bwe là ywimde yube, njoñ yub fa zi",raw_source,Use StorySegments for aligned rows where available; this table preserves original paragraph text.
Francais_3.docx,29,"Pendant ce temps, un lion arriva et s’installa sous un arbre à quelques pas d’eux. Yen ngelañ nà, ta’ ngwayit se’ ntswe tun ta’ tù mbañ bo.",raw_source,Use StorySegments for aligned rows where available; this table preserves original paragraph text.
Francais_3.docx,30,Le bébé se réveilla le premier. Mèn be mbwe mén nebam num miaglo.,raw_source,Use StorySegments for aligned rows where available; this table preserves original paragraph text.
Francais_3.docx,31,"Il vit l’animal, à quatre pattes s’approcha de lui et commença à jouer avec sa queue. Fatou à son tour se réveilla et aperçut son enfant en train de jouer avec le lion ! A ye nyàm, nzin nku kua nkù’de mbañ i, nto’de neghù sa bo kun i. Fatou bam ze num miaglo, njen mèn nke ngù sa bo ngwayit!",raw_source,Use StorySegments for aligned rows where available; this table preserves original paragraph text.
Francais_3.docx,32,Elle réveilla son mari et lui dit : A bam ndu i num miaglo ntshob yi ndù :,raw_source,Use StorySegments for aligned rows where available; this table preserves original paragraph text.
Francais_3.docx,33,"- Notre enfant est en danger, il joue avec le lion. Yôg mèn yag b’a ntùm nge’, a tshwèt ngù sa bo ngwayit.",raw_source,Use StorySegments for aligned rows where available; this table preserves original paragraph text.
Francais_3.docx,34,"Demba se redressa, fixa l’animal et dit : Demba bwù’ wul i, ndôde nyàm, ntshob ndù :",raw_source,Use StorySegments for aligned rows where available; this table preserves original paragraph text.
Francais_3.docx,35,- C’est ça un lion ? A b’a ngwayit li ké?,raw_source,Use StorySegments for aligned rows where available; this table preserves original paragraph text.
Francais_3.docx,36,"- C’est ça même, répondit Fatou. Fatou bùnde ndù, a b’a kua’ yi.",raw_source,Use StorySegments for aligned rows where available; this table preserves original paragraph text.
Francais_3.docx,37,Aussitôt Demba commença à retrousser le bas de son pantalon. Fatou lui demanda alors : Be ndùse Demba ko’ nku trôsi se. Fatou bètt’é ndù :,raw_source,Use StorySegments for aligned rows where available; this table preserves original paragraph text.
Francais_3.docx,38,- Tu vas sauter sur lui ? Oa’ gwù num i ké?,raw_source,Use StorySegments for aligned rows where available; this table preserves original paragraph text.
Francais_3.docx,39,"Demba fait non de la tête et retroussa les manches de sa chemise. Demba nyi’de tu i mbe nga, nko’ mbu tu nzwe i.",raw_source,Use StorySegments for aligned rows where available; this table preserves original paragraph text.
Francais_3.docx,40,"- Tu vas le frapper avec un bâton ? demanda à nouveau Fatou. Fatou bèn mbètte mbe, oa’ lab i bo kôg ké?",raw_source,Use StorySegments for aligned rows where available; this table preserves original paragraph text.
Francais_3.docx,41,"Il fait non de la tête et dit à Fatou : A nyi’de tu i mbe nga, ntshob Fatou ndù :",raw_source,Use StorySegments for aligned rows where available; this table preserves original paragraph text.
Francais_3.docx,42,- Donne-moi la main. Fà bu o me.,raw_source,Use StorySegments for aligned rows where available; this table preserves original paragraph text.
Francais_3.docx,43,- Tu vas fuir ? questionna Fatou Fatou bètt’é ndù : oa’ kù ké?,raw_source,Use StorySegments for aligned rows where available; this table preserves original paragraph text.
Francais_3.docx,44,"- Oui, s’il plaît à Dieu, répondit Demba. Demba bùnde ndù : ñ, a be z’a b’a ze nekô Nsi là.",raw_source,Use StorySegments for aligned rows where available; this table preserves original paragraph text.
Francais_3.docx,45,- Et notre fils alors ? dit Fatou en pleurant. Fatou kua’ ntshob yi ndù : ke nshum yag o?,raw_source,Use StorySegments for aligned rows where available; this table preserves original paragraph text.
Francais_3.docx,46,"- On en fera un autre, cria Demba qui avait déjà commencé à courir. Demba to’de nekù nde, a tô mbùnde ndù : bag wù a’ bwe mo’o",raw_source,Use StorySegments for aligned rows where available; this table preserves original paragraph text.
Francais_3.docx,47,"Heureusement pour le bébé, ce n’était pas un lion mais une lionne, qui lui avait même donné un peu de son lait. Ju netsiañde b’a mbe, a na’ ke b’a ta’ ngwayit ze mandum là ze mènnzwi, a fa mba bùn mèn.",raw_source,Use StorySegments for aligned rows where available; this table preserves original paragraph text.
Francais_3.docx,48,Mon conte est fini ; celui qui respire le premier ira au paradis. Yàm tshô mii; mbwe mèn z’a zwiag là a’ nèn paradis.,raw_source,Use StorySegments for aligned rows where available; this table preserves original paragraph text.
Francais_3.docx,49,"Le sixième petit matin de la création, Papa Bondieu, accoudé au balcon du ciel, considérerait avec une certaine satisfaction les étoiles, innombrables loupiotes qui s'éteignent au lever du",raw_source,Use StorySegments for aligned rows where available; this table preserves original paragraph text.
Francais_3.docx,50,"jour. Bam nkebnjù lé’ ntôg mba bo nabte njoñ tshu fa là, baba Bondieu tswe mve kamànyam, ndôde njen nsa ntshu’ nsthu’ mba bo tshwèt nké’é, njù be làn bo biag, tsiañde dun ntù i.",raw_source,Use StorySegments for aligned rows where available; this table preserves original paragraph text.
Francais_3.docx,51,"Papa Bondieu trouvait que tout cela était bon. Il baissa les yeux et admira les océans, les fleuves, les lacs qui regorgent de bêtes à écailles, de dauphins et autres mammifères colossaux et microscopiques. Baba Bondieu lôde njoñ tshen tshu là fa njen mbe a bwô. A ben tu i nsi, ndôde dibantse, ta’ntse boa mfube ndù à dun ba nyàm tse bo ghù nga’ là, boa ba mà ndô ngontse ndùb mba tse meto’.",raw_source,Use StorySegments for aligned rows where available; this table preserves original paragraph text.
Francais_3.docx,52,"Il admira de même, la terre toute égaillée de bêtes à cornes, de bêtes à poils gigantesques et minuscules. Il s'émerveilla de voir, dans les airs, quantité de bêtes à plumes de tout poil. A lôde tsha’ njen mba à bwô là boa nyàm bo ghù ndô là, mba tse bo ghù nyañnyañ à yàm nà, mba tse bo ghù a nda’ meju i là. A tshàm neyen mba kamànyam dun nyàm tse bo ghù mfe nzenze là.",raw_source,Use StorySegments for aligned rows where available; this table preserves original paragraph text.
Francais_3.docx,53,Papa Bondieu trouvait que tout cela était bon. Baba Bondieu lôde njen mbe njoñ i fa bwô.,raw_source,Use StorySegments for aligned rows where available; this table preserves original paragraph text.
Francais_3.docx,54,"Il décida alors de créer l'humanité. Il prit de l'argile et ft trois boules, deux petites pour deux têtes et une grosse pour un ventre. Avec un long boudin, il ft quatre bras et quatre jambes. Il rassembla le tout auquel il donna deux sexes, comme pour la vanille, et il posa cette créature androgyne sur le sol. A lo’ mfi nenabte mènntùn nyiañtu. A lo’ tsha’ mbode nze tat, a lo’ bàa nabte tu bàa yi mbèn ndo’ ta’ i nabte bam se yi. A lo’ ta’ bote ju z’a sag là, nabte mbu yi kuà, mbèn nabte nku yi kuà. A tse’de njoñ i fa, a tum mènnzwi bo mandum a yab yub num nsitsha’.",raw_source,Use StorySegments for aligned rows where available; this table preserves original paragraph text.
Francais_3.docx,55,"L'humanité fraîchement créée se mit à rouler à grand fracas, s'appuyant tantôt sur les mains tantôt sur les pieds. Papa Bondieu arrivait à supporter ce vacarme car il avait une grande capacité de concentration, mais la vitesse avec laquelle la créature androgyne se reproduisait le laissait pantois. Il était à craindre qu'au rythme où ça allait, il n'y aurait, d'ici peu, plus de place pour tout ce monde sur terre. Mènntùn nyiañtu bo yôg nebom nà to’de nezin bam bame, ke num mbu mi ke num nku mi lo. Papa Bondieu fènnde yen tshu’de là nummbe a na’ ku’ni nete nkwade mi num ta’ ju ke lôde bag bag. Nda’ndù, mat nzwit mènntùn nyiañtu na’ nke ndo’ ndun nsitsha’ yi là ghù a tshàm. A na’ nke mbwôg mbe nzwit mènntùn nyiañtu nke nkwi’de à ndùlala mba me nda’nda’ dù’ ke bèn mbe num nsitsha’.",raw_source,Use StorySegments for aligned rows where available; this table preserves original paragraph text.
Francais_3.docx,56,"Papa Bondieu ne fit ni une ni deux : il dégaina sa machette et..... raaaa, coupa son œuvre en deux moitiés. Baba Bondieu ke bi ngelañ : a sô ñwi bà mi nkeb ju z’a na’ nabte là ngabte nze bàa.",raw_source,Use StorySegments for aligned rows where available; this table preserves original paragraph text.
Francais_3.docx,57,"Pour la première fois, l'humanité divisée en mâle et femelle se retrouva debout sur ses pieds, et se mit aussitôt à courir, courir, courir. Où va-t-elle et, grand dieu, que cherche-t- elle ? Num mbwe yoñ i, mènntùn nyiañtu ze bo ghabte mènnzwi bo mandum nà tsin tù num nku mi, nto’de nekù nde njoñ dù’ fa. A nèn à ya, nsi ndùb, a diag à ke?",raw_source,Use StorySegments for aligned rows where available; this table preserves original paragraph text.
Francais_3.docx,58,"Chacun cherche la moitié qu'on lui a enlevée. Beaucoup la cherchent encore. Il y a tant de monde sur terre que ce n'est pas chose facile de tomber sur la bonne moitié. Mba wù lo tshwèt ndiag mo’ fag i ze bo lo’ là. Mbwoñ yub tshwèt mbèn nke ndiage. Mba benntùn yàm num nsitsha’ là, a ke’ fiag nefon kua’ bag wul o ze ntun nà.",raw_source,Use StorySegments for aligned rows where available; this table preserves original paragraph text.
Francais_3.docx,59,"Quand on se trompe, c'est la déveine, mais quand on la trouve, c'est le bonheur. O fàn manze mboa’ yen nge’, nda’ndù o fon kua’ bag wul o ze ntùn, mba oa’ dun tsiañde.",raw_source,Use StorySegments for aligned rows where available; this table preserves original paragraph text.
Francais_3.docx,60,Comme le dit le proverbe : Ndañndañ mba tànkùt tshwèt ntshob là :,raw_source,Use StorySegments for aligned rows where available; this table preserves original paragraph text.
Francais_3.docx,61,"Papabondieu est le premier, Baba Bondieu b’a mbwe i",raw_source,Use StorySegments for aligned rows where available; this table preserves original paragraph text.
Francais_3.docx,62,"L'homme le deuxième, mènntùn nyiañtu be mbatte i",raw_source,Use StorySegments for aligned rows where available; this table preserves original paragraph text.
Francais_3.docx,63,Et le Lion le dernier. Ngwayit be miagde,raw_source,Use StorySegments for aligned rows where available; this table preserves original paragraph text.
Francais_3.docx,64,"Un jour, Tigre croise l'Homme à la rivière et lui demande s'il croit que le proverbe dit la vérité. A na’ mbe ta’ lé’, busi tshwèt bumde mènntùn nyiañtu mà ta’ntse, a bètt’é a be z’a kwade mbe tànkùt tshwèt ntshob à nenùn nà.",raw_source,Use StorySegments for aligned rows where available; this table preserves original paragraph text.
Francais_3.docx,65,"- Permets-moi de grimper sur ce cocotier pour réfléchir et te répondre. Tsin me ko’ num tù mba li, kà nsiañde mba me bùnde wù là.",raw_source,Use StorySegments for aligned rows where available; this table preserves original paragraph text.
Francais_3.docx,66,"Lorsqu'il se retrouve très, très haut, sur la cime de l'arbre, l'homme crie à Tigre : Ngelañ z’a ko’ kà nkum ta mve tù là, mènntùn nyiañtu tô mbùnde busi tshwèt ndù :",raw_source,Use StorySegments for aligned rows where available; this table preserves original paragraph text.
Francais_3.docx,67,- Le proverbe dit la vérité : Tànkùt tshwèt ntshob à nenùne :,raw_source,Use StorySegments for aligned rows where available; this table preserves original paragraph text.
Francais_3.docx,68,"Papabondieu est le premier, Baba Bondieu b’a mbwe i",raw_source,Use StorySegments for aligned rows where available; this table preserves original paragraph text.
Francais_3.docx,69,"L'homme le deuxième, mènntùn nyiañtu be mbatte i",raw_source,Use StorySegments for aligned rows where available; this table preserves original paragraph text.
Francais_3.docx,70,Et le Tigre le dernier. Busi tshwèt be miagde i,raw_source,Use StorySegments for aligned rows where available; this table preserves original paragraph text.
Francais_3.docx,71,"Tigre grogne, rugit et siffle longuement pour rameuter ses frères qui accourent aussitôt en rangs serrés. Busi tshwèt kua’, ntô ngelañ yàm num netsiañ fèt tse. Bo kù nde ntsin nka.",raw_source,Use StorySegments for aligned rows where available; this table preserves original paragraph text.
Francais_3.docx,72,- L'homme qui est dans ce cocotier prétend que : mènntùn nyiañtu z’a be num tu mba li là tshwèt ntshob mbe :,raw_source,Use StorySegments for aligned rows where available; this table preserves original paragraph text.
Francais_3.docx,73,"Papabondieu est le premier, Baba Bondieu b’a mbwe i",raw_source,Use StorySegments for aligned rows where available; this table preserves original paragraph text.
Francais_3.docx,74,"L'homme le deuxième, mènntùn nyiañtu be mbatte i",raw_source,Use StorySegments for aligned rows where available; this table preserves original paragraph text.
Francais_3.docx,75,Et le Tigre le dernier. Busi tshwèt be miagde i,raw_source,Use StorySegments for aligned rows where available; this table preserves original paragraph text.
Francais_3.docx,76,"- Mensonge, rétorquent les Tigres qui ceinturent l'arbre, lui labourent le tronc avec leurs griffes, le secouent sans pour autant arriver à y grimper. Ba busi tswhèt tse bo bum tù mba ndiañ là bùnde mbe a b’a tatte. Bo lo’ nkib mub nkua num ntù, nyi’de tù nda’ndù bo ke ku’ni neko’o.",raw_source,Use StorySegments for aligned rows where available; this table preserves original paragraph text.
Francais_3.docx,77,"Du haut du cocotier, l'homme regarde la scène avec un sourire narquois. Mènntùn nyiañtu tswe num tù, ndôde mba bo nke ngù là nzwi yube.",raw_source,Use StorySegments for aligned rows where available; this table preserves original paragraph text.
Francais_3.docx,78,"- Nous ferons la courte échelle, s'écrie Tigre, et avec nos corps nous élèverons une tour assez haute pour que le dernier d'entre nous puisse faire tomber l'homme de son perchoir. Tigre ne sera jamais le dernier! Ta’ busi tshwèt tô ntshob ndù : bag a’ nabte tùko’, nabte ta’ nesà ba’ boa wut yag, mba wù lo ko’ num mvèl i kà miagde mèn z’a ko’ là tèn mènntùn nyiañtu num dù’ z’a ghet là.",raw_source,Use StorySegments for aligned rows where available; this table preserves original paragraph text.
Francais_3.docx,79,Et c'est ce que les tigres frent avec entrain et détermination. Les vieux et les moins vieux,raw_source,Use StorySegments for aligned rows where available; this table preserves original paragraph text.
Francais_3.docx,80,"consolidèrent la base, les adultes et les jeunes grimpèrent au sommet de l'échelle.",raw_source,Use StorySegments for aligned rows where available; this table preserves original paragraph text.
Francais_3.docx,81,"C'est alors que l'homme, perché sur la cime qu'avait atteint le plus jeune des tigres, se",raw_source,Use StorySegments for aligned rows where available; this table preserves original paragraph text.
Francais_3.docx,82,"pencha et lui glissa à l'oreille, assez fort pour qu'on l'entende : Bo fiag wut, ba busi tswhèt ghù ndañndañ mba bo nabte là. Tse bo ywèn nà tswe mà tun, tse ngu’njù sub na’ ntènde là boa ghuan benntùn ko’ num tùko’ kà kum ta mve tù. Tù’nyam njoñ tshen busi tshwèt là fa ko’ kà kum dù’ mènntùn nyiañtu be là. A ben wul i, ntshob yi bo neta nze mba njoñ yub fa wù ju’ i mebwô là ndù:",raw_source,Use StorySegments for aligned rows where available; this table preserves original paragraph text.
Francais_3.docx,83,"- Si tu bouges d'une semelle, je te coupe la tête avec mon couteau. O na’ nyi’de mba nda’ metsili, mba m’a’ keb tu o bo bi sam.",raw_source,Use StorySegments for aligned rows where available; this table preserves original paragraph text.
Francais_3.docx,84,"En entendant la menace faite à son petit, la mère du jeune tigre qui se trouvait au milieu",raw_source,Use StorySegments for aligned rows where available; this table preserves original paragraph text.
Francais_3.docx,85,"de la tour, rugit de terreur. Mà yen busi tshwèt là tswe netèt nesà ba’ bo nabte bo wut yub là, nju’ mba bo tshwèt mfa’de mèn i là, a tô ndù",raw_source,Use StorySegments for aligned rows where available; this table preserves original paragraph text.
Francais_3.docx,86,- Yooowwwwwwwwwwwwwwwww ! Yooowwwwwwwwwwwwwwwww !,raw_source,Use StorySegments for aligned rows where available; this table preserves original paragraph text.
Francais_3.docx,87,Les tigres sursautèrent et déséquilibrèrent la tour qui s'écroula ; ils tombèrent et prirent la,raw_source,Use StorySegments for aligned rows where available; this table preserves original paragraph text.
Francais_3.docx,88,"poudre d'escampette. Ba busi tshwèt bwôg, nesà ba’ bo na’ nabte boa wut yub là vù nsi, mba wù lo kù ke lôde njam.",raw_source,Use StorySegments for aligned rows where available; this table preserves original paragraph text.
Francais_3.docx,89,"Quand ils eurent tous disparu, l'homme debout au pied du cocotier déclara : Ngelañ njoñ ba busi fa kù là, mènntùn nyiañtu tsin tù num tù mba ntshob ndù :",raw_source,Use StorySegments for aligned rows where available; this table preserves original paragraph text.
Francais_3.docx,90,- Et Toc ! Comme le dit la parole : Mba tànkùt tshob là :,raw_source,Use StorySegments for aligned rows where available; this table preserves original paragraph text.
Francais_3.docx,91,Papabondieu est le premier Baba Bondieu b’a mbwe i,raw_source,Use StorySegments for aligned rows where available; this table preserves original paragraph text.
Francais_3.docx,92,L'homme le deuxième mènntùn nyiañtu be mbatte i,raw_source,Use StorySegments for aligned rows where available; this table preserves original paragraph text.
Francais_3.docx,93,Et le Tigre le dernier... Busi tshwèt be miagde i…,raw_source,Use StorySegments for aligned rows where available; this table preserves original paragraph text.
